time,pred
1,0.1991505
2,0.9006345
3,1.526145
4,1.877145
5,1.994175
6,1.949765
7,1.814085
8,1.6409
9,1.4509
10,1.2641
11,1.09355
12,0.94015
13,0.803
14,0.6792
15,0.57525
16,0.48895
17,0.41365
18,0.3489
19,0.2943
20,0.24655
21,0.2081
22,0.1763
23,0.1465
24,0.1254
