time,pred
1,3.20839
2,5.151295
3,4.375865
4,3.16415
5,2.133
6,1.39065
7,0.8865
8,0.56415
9,0.35545
10,0.22005
11,0.1388
12,0.08695
13,0.0529
14,0.03455
15,0.0214
16,0.0133
17,0.0082
18,0.0054
19,0.0033
20,0.0022
21,0.00145
22,0.00075
23,0.0004
24,0.0003
